norm_tras,n_nRH,th_pcr
0.36,0.5,2000.0
0.45,0.8000512032770097,15000.0
0.64,0.9000256016385049,15000.0
0.81,0.9000256016385049,15000.0
